"","state","year","unemployment_rate","state_year"
"1","Alabama","1999",4.7,"Alabama1999"
"2","Alaska","1999",6.5,"Alaska1999"
"3","Arizona","1999",4.4,"Arizona1999"
"4","Arkansas","1999",4.6,"Arkansas1999"
"5","California","1999",5.2,"California1999"
"6","Colorado","1999",3.1,"Colorado1999"
"7","Connecticut","1999",2.9,"Connecticut1999"
"8","Delaware","1999",3.4,"Delaware1999"
"9","District of Columbia","1999",6.4,"District of Columbia1999"
"10","Florida","1999",3.9,"Florida1999"
"11","Georgia","1999",3.9,"Georgia1999"
"12","Hawaii","1999",5.4,"Hawaii1999"
"13","Idaho","1999",4.9,"Idaho1999"
"14","Illinois","1999",4.4,"Illinois1999"
"15","Indiana","1999",3,"Indiana1999"
"16","Iowa","1999",2.6,"Iowa1999"
"17","Kansas","1999",3.3,"Kansas1999"
"18","Kentucky","1999",4.5,"Kentucky1999"
"19","Louisiana","1999",5.1,"Louisiana1999"
"20","Maine","1999",4,"Maine1999"
"21","Maryland","1999",3.6,"Maryland1999"
"22","Massachusetts","1999",3.2,"Massachusetts1999"
"23","Michigan","1999",3.7,"Michigan1999"
"24","Minnesota","1999",2.8,"Minnesota1999"
"25","Mississippi","1999",5.1,"Mississippi1999"
"26","Missouri","1999",3.3,"Missouri1999"
"27","Montana","1999",5.3,"Montana1999"
"28","Nebraska","1999",2.8,"Nebraska1999"
"29","Nevada","1999",4,"Nevada1999"
"30","New Hampshire","1999",2.7,"New Hampshire1999"
"31","New Jersey","1999",4.5,"New Jersey1999"
"32","New Mexico","1999",5.6,"New Mexico1999"
"33","New York","1999",5.2,"New York1999"
"34","North Carolina","1999",3.2,"North Carolina1999"
"35","North Dakota","1999",3.3,"North Dakota1999"
"36","Ohio","1999",4.3,"Ohio1999"
"37","Oklahoma","1999",3.5,"Oklahoma1999"
"38","Oregon","1999",5.5,"Oregon1999"
"39","Pennsylvania","1999",4.4,"Pennsylvania1999"
"40","Rhode Island","1999",4.2,"Rhode Island1999"
"41","South Carolina","1999",4.3,"South Carolina1999"
"42","South Dakota","1999",2.7,"South Dakota1999"
"43","Tennessee","1999",4,"Tennessee1999"
"44","Texas","1999",4.7,"Texas1999"
"45","Utah","1999",3.5,"Utah1999"
"46","Vermont","1999",3,"Vermont1999"
"47","Virginia","1999",2.7,"Virginia1999"
"48","Washington","1999",4.9,"Washington1999"
"49","West Virginia","1999",6.5,"West Virginia1999"
"50","Wisconsin","1999",3.1,"Wisconsin1999"
"51","Wyoming","1999",4.6,"Wyoming1999"
"52","Alabama","2000",4.6,"Alabama2000"
"53","Alaska","2000",6.4,"Alaska2000"
"54","Arizona","2000",4,"Arizona2000"
"55","Arkansas","2000",4.3,"Arkansas2000"
"56","California","2000",4.9,"California2000"
"57","Colorado","2000",2.8,"Colorado2000"
"58","Connecticut","2000",2.4,"Connecticut2000"
"59","Delaware","2000",3.7,"Delaware2000"
"60","District of Columbia","2000",5.6,"District of Columbia2000"
"61","Florida","2000",3.7,"Florida2000"
"62","Georgia","2000",3.6,"Georgia2000"
"63","Hawaii","2000",4.2,"Hawaii2000"
"64","Idaho","2000",4.7,"Idaho2000"
"65","Illinois","2000",4.3,"Illinois2000"
"66","Indiana","2000",3.1,"Indiana2000"
"67","Iowa","2000",2.6,"Iowa2000"
"68","Kansas","2000",3.6,"Kansas2000"
"69","Kentucky","2000",4.2,"Kentucky2000"
"70","Louisiana","2000",5.3,"Louisiana2000"
"71","Maine","2000",3.4,"Maine2000"
"72","Maryland","2000",3.6,"Maryland2000"
"73","Massachusetts","2000",2.7,"Massachusetts2000"
"74","Michigan","2000",3.6,"Michigan2000"
"75","Minnesota","2000",3.2,"Minnesota2000"
"76","Mississippi","2000",5.4,"Mississippi2000"
"77","Missouri","2000",3.6,"Missouri2000"
"78","Montana","2000",5,"Montana2000"
"79","Nebraska","2000",2.8,"Nebraska2000"
"80","Nevada","2000",4.2,"Nevada2000"
"81","New Hampshire","2000",2.7,"New Hampshire2000"
"82","New Jersey","2000",3.7,"New Jersey2000"
"83","New Mexico","2000",4.9,"New Mexico2000"
"84","New York","2000",4.5,"New York2000"
"85","North Carolina","2000",3.7,"North Carolina2000"
"86","North Dakota","2000",3,"North Dakota2000"
"87","Ohio","2000",4,"Ohio2000"
"88","Oklahoma","2000",3,"Oklahoma2000"
"89","Oregon","2000",5.1,"Oregon2000"
"90","Pennsylvania","2000",4.1,"Pennsylvania2000"
"91","Rhode Island","2000",4.1,"Rhode Island2000"
"92","South Carolina","2000",3.8,"South Carolina2000"
"93","South Dakota","2000",2.5,"South Dakota2000"
"94","Tennessee","2000",3.9,"Tennessee2000"
"95","Texas","2000",4.3,"Texas2000"
"96","Utah","2000",3.3,"Utah2000"
"97","Vermont","2000",2.8,"Vermont2000"
"98","Virginia","2000",2.3,"Virginia2000"
"99","Washington","2000",5.2,"Washington2000"
"100","West Virginia","2000",5.5,"West Virginia2000"
"101","Wisconsin","2000",3.5,"Wisconsin2000"
"102","Wyoming","2000",3.9,"Wyoming2000"
"103","Alabama","2001",5.1,"Alabama2001"
"104","Alaska","2001",6.4,"Alaska2001"
"105","Arizona","2001",4.8,"Arizona2001"
"106","Arkansas","2001",5,"Arkansas2001"
"107","California","2001",5.4,"California2001"
"108","Colorado","2001",3.8,"Colorado2001"
"109","Connecticut","2001",3.1,"Connecticut2001"
"110","Delaware","2001",3.5,"Delaware2001"
"111","District of Columbia","2001",6.3,"District of Columbia2001"
"112","Florida","2001",4.7,"Florida2001"
"113","Georgia","2001",4,"Georgia2001"
"114","Hawaii","2001",4.5,"Hawaii2001"
"115","Idaho","2001",5.1,"Idaho2001"
"116","Illinois","2001",5.3,"Illinois2001"
"117","Indiana","2001",4.2,"Indiana2001"
"118","Iowa","2001",3.3,"Iowa2001"
"119","Kansas","2001",4.2,"Kansas2001"
"120","Kentucky","2001",5.2,"Kentucky2001"
"121","Louisiana","2001",5.7,"Louisiana2001"
"122","Maine","2001",3.8,"Maine2001"
"123","Maryland","2001",4,"Maryland2001"
"124","Massachusetts","2001",3.7,"Massachusetts2001"
"125","Michigan","2001",5.2,"Michigan2001"
"126","Minnesota","2001",3.8,"Minnesota2001"
"127","Mississippi","2001",5.5,"Mississippi2001"
"128","Missouri","2001",4.6,"Missouri2001"
"129","Montana","2001",4.5,"Montana2001"
"130","Nebraska","2001",3.1,"Nebraska2001"
"131","Nevada","2001",5.2,"Nevada2001"
"132","New Hampshire","2001",3.4,"New Hampshire2001"
"133","New Jersey","2001",4.3,"New Jersey2001"
"134","New Mexico","2001",4.9,"New Mexico2001"
"135","New York","2001",4.8,"New York2001"
"136","North Carolina","2001",5.5,"North Carolina2001"
"137","North Dakota","2001",2.9,"North Dakota2001"
"138","Ohio","2001",4.3,"Ohio2001"
"139","Oklahoma","2001",3.7,"Oklahoma2001"
"140","Oregon","2001",6.4,"Oregon2001"
"141","Pennsylvania","2001",4.8,"Pennsylvania2001"
"142","Rhode Island","2001",4.6,"Rhode Island2001"
"143","South Carolina","2001",5.2,"South Carolina2001"
"144","South Dakota","2001",3.1,"South Dakota2001"
"145","Tennessee","2001",4.6,"Tennessee2001"
"146","Texas","2001",5,"Texas2001"
"147","Utah","2001",4.4,"Utah2001"
"148","Vermont","2001",3.3,"Vermont2001"
"149","Virginia","2001",3.2,"Virginia2001"
"150","Washington","2001",6.3,"Washington2001"
"151","West Virginia","2001",5,"West Virginia2001"
"152","Wisconsin","2001",4.5,"Wisconsin2001"
"153","Wyoming","2001",3.8,"Wyoming2001"
"154","Alabama","2002",5.9,"Alabama2002"
"155","Alaska","2002",7.3,"Alaska2002"
"156","Arizona","2002",6.1,"Arizona2002"
"157","Arkansas","2002",5.5,"Arkansas2002"
"158","California","2002",6.7,"California2002"
"159","Colorado","2002",5.5,"Colorado2002"
"160","Connecticut","2002",4.3,"Connecticut2002"
"161","Delaware","2002",4,"Delaware2002"
"162","District of Columbia","2002",6.4,"District of Columbia2002"
"163","Florida","2002",5.6,"Florida2002"
"164","Georgia","2002",5,"Georgia2002"
"165","Hawaii","2002",4.2,"Hawaii2002"
"166","Idaho","2002",5.6,"Idaho2002"
"167","Illinois","2002",6.5,"Illinois2002"
"168","Indiana","2002",5.2,"Indiana2002"
"169","Iowa","2002",4,"Iowa2002"
"170","Kansas","2002",5.1,"Kansas2002"
"171","Kentucky","2002",5.7,"Kentucky2002"
"172","Louisiana","2002",6.1,"Louisiana2002"
"173","Maine","2002",4.3,"Maine2002"
"174","Maryland","2002",4.4,"Maryland2002"
"175","Massachusetts","2002",5.3,"Massachusetts2002"
"176","Michigan","2002",6.3,"Michigan2002"
"177","Minnesota","2002",4.5,"Minnesota2002"
"178","Mississippi","2002",6.6,"Mississippi2002"
"179","Missouri","2002",5.4,"Missouri2002"
"180","Montana","2002",4.4,"Montana2002"
"181","Nebraska","2002",3.6,"Nebraska2002"
"182","Nevada","2002",5.6,"Nevada2002"
"183","New Hampshire","2002",4.5,"New Hampshire2002"
"184","New Jersey","2002",5.8,"New Jersey2002"
"185","New Mexico","2002",5.5,"New Mexico2002"
"186","New York","2002",6.1,"New York2002"
"187","North Carolina","2002",6.6,"North Carolina2002"
"188","North Dakota","2002",3.7,"North Dakota2002"
"189","Ohio","2002",5.7,"Ohio2002"
"190","Oklahoma","2002",4.7,"Oklahoma2002"
"191","Oregon","2002",7.5,"Oregon2002"
"192","Pennsylvania","2002",5.6,"Pennsylvania2002"
"193","Rhode Island","2002",5,"Rhode Island2002"
"194","South Carolina","2002",5.8,"South Carolina2002"
"195","South Dakota","2002",3.2,"South Dakota2002"
"196","Tennessee","2002",5.2,"Tennessee2002"
"197","Texas","2002",6.4,"Texas2002"
"198","Utah","2002",5.8,"Utah2002"
"199","Vermont","2002",4,"Vermont2002"
"200","Virginia","2002",4.2,"Virginia2002"
"201","Washington","2002",7.4,"Washington2002"
"202","West Virginia","2002",5.9,"West Virginia2002"
"203","Wisconsin","2002",5.4,"Wisconsin2002"
"204","Wyoming","2002",4,"Wyoming2002"
"205","Alabama","2003",6,"Alabama2003"
"206","Alaska","2003",7.8,"Alaska2003"
"207","Arizona","2003",5.7,"Arizona2003"
"208","Arkansas","2003",5.9,"Arkansas2003"
"209","California","2003",6.8,"California2003"
"210","Colorado","2003",6,"Colorado2003"
"211","Connecticut","2003",5.4,"Connecticut2003"
"212","Delaware","2003",4.3,"Delaware2003"
"213","District of Columbia","2003",6.8,"District of Columbia2003"
"214","Florida","2003",5.2,"Florida2003"
"215","Georgia","2003",4.8,"Georgia2003"
"216","Hawaii","2003",4.1,"Hawaii2003"
"217","Idaho","2003",5.6,"Idaho2003"
"218","Illinois","2003",6.8,"Illinois2003"
"219","Indiana","2003",5.3,"Indiana2003"
"220","Iowa","2003",4.5,"Iowa2003"
"221","Kansas","2003",5.5,"Kansas2003"
"222","Kentucky","2003",6.1,"Kentucky2003"
"223","Louisiana","2003",6.4,"Louisiana2003"
"224","Maine","2003",5,"Maine2003"
"225","Maryland","2003",4.4,"Maryland2003"
"226","Massachusetts","2003",5.7,"Massachusetts2003"
"227","Michigan","2003",7.2,"Michigan2003"
"228","Minnesota","2003",4.9,"Minnesota2003"
"229","Mississippi","2003",6.3,"Mississippi2003"
"230","Missouri","2003",5.6,"Missouri2003"
"231","Montana","2003",4.7,"Montana2003"
"232","Nebraska","2003",3.9,"Nebraska2003"
"233","Nevada","2003",5.1,"Nevada2003"
"234","New Hampshire","2003",4.3,"New Hampshire2003"
"235","New Jersey","2003",5.8,"New Jersey2003"
"236","New Mexico","2003",5.9,"New Mexico2003"
"237","New York","2003",6.4,"New York2003"
"238","North Carolina","2003",6.4,"North Carolina2003"
"239","North Dakota","2003",3.7,"North Dakota2003"
"240","Ohio","2003",6.2,"Ohio2003"
"241","Oklahoma","2003",5.5,"Oklahoma2003"
"242","Oregon","2003",8.1,"Oregon2003"
"243","Pennsylvania","2003",5.7,"Pennsylvania2003"
"244","Rhode Island","2003",5.3,"Rhode Island2003"
"245","South Carolina","2003",6.9,"South Carolina2003"
"246","South Dakota","2003",3.5,"South Dakota2003"
"247","Tennessee","2003",5.6,"Tennessee2003"
"248","Texas","2003",6.7,"Texas2003"
"249","Utah","2003",5.6,"Utah2003"
"250","Vermont","2003",4.3,"Vermont2003"
"251","Virginia","2003",4.1,"Virginia2003"
"252","Washington","2003",7.4,"Washington2003"
"253","West Virginia","2003",6,"West Virginia2003"
"254","Wisconsin","2003",5.7,"Wisconsin2003"
"255","Wyoming","2003",4.3,"Wyoming2003"
"256","Alabama","2004",5.7,"Alabama2004"
"257","Alaska","2004",7.5,"Alaska2004"
"258","Arizona","2004",5,"Arizona2004"
"259","Arkansas","2004",5.7,"Arkansas2004"
"260","California","2004",6.2,"California2004"
"261","Colorado","2004",5.5,"Colorado2004"
"262","Connecticut","2004",5,"Connecticut2004"
"263","Delaware","2004",4,"Delaware2004"
"264","District of Columbia","2004",7.8,"District of Columbia2004"
"265","Florida","2004",4.6,"Florida2004"
"266","Georgia","2004",4.8,"Georgia2004"
"267","Hawaii","2004",3.4,"Hawaii2004"
"268","Idaho","2004",4.9,"Idaho2004"
"269","Illinois","2004",6.2,"Illinois2004"
"270","Indiana","2004",5.4,"Indiana2004"
"271","Iowa","2004",4.5,"Iowa2004"
"272","Kansas","2004",5.5,"Kansas2004"
"273","Kentucky","2004",5.4,"Kentucky2004"
"274","Louisiana","2004",5.9,"Louisiana2004"
"275","Maine","2004",4.6,"Maine2004"
"276","Maryland","2004",4.3,"Maryland2004"
"277","Massachusetts","2004",5.1,"Massachusetts2004"
"278","Michigan","2004",7,"Michigan2004"
"279","Minnesota","2004",4.7,"Minnesota2004"
"280","Mississippi","2004",6.2,"Mississippi2004"
"281","Missouri","2004",5.9,"Missouri2004"
"282","Montana","2004",4.8,"Montana2004"
"283","Nebraska","2004",3.9,"Nebraska2004"
"284","Nevada","2004",4.3,"Nevada2004"
"285","New Hampshire","2004",3.8,"New Hampshire2004"
"286","New Jersey","2004",4.8,"New Jersey2004"
"287","New Mexico","2004",5.5,"New Mexico2004"
"288","New York","2004",5.8,"New York2004"
"289","North Carolina","2004",5.5,"North Carolina2004"
"290","North Dakota","2004",3.4,"North Dakota2004"
"291","Ohio","2004",6.3,"Ohio2004"
"292","Oklahoma","2004",4.9,"Oklahoma2004"
"293","Oregon","2004",7.3,"Oregon2004"
"294","Pennsylvania","2004",5.4,"Pennsylvania2004"
"295","Rhode Island","2004",5.2,"Rhode Island2004"
"296","South Carolina","2004",6.8,"South Carolina2004"
"297","South Dakota","2004",3.7,"South Dakota2004"
"298","Tennessee","2004",5.3,"Tennessee2004"
"299","Texas","2004",5.9,"Texas2004"
"300","Utah","2004",5,"Utah2004"
"301","Vermont","2004",3.7,"Vermont2004"
"302","Virginia","2004",3.8,"Virginia2004"
"303","Washington","2004",6.3,"Washington2004"
"304","West Virginia","2004",5.3,"West Virginia2004"
"305","Wisconsin","2004",5,"Wisconsin2004"
"306","Wyoming","2004",3.8,"Wyoming2004"
"307","Alabama","2005",4.5,"Alabama2005"
"308","Alaska","2005",6.9,"Alaska2005"
"309","Arizona","2005",4.7,"Arizona2005"
"310","Arkansas","2005",5.2,"Arkansas2005"
"311","California","2005",5.4,"California2005"
"312","Colorado","2005",5,"Colorado2005"
"313","Connecticut","2005",4.9,"Connecticut2005"
"314","Delaware","2005",4.1,"Delaware2005"
"315","District of Columbia","2005",6.4,"District of Columbia2005"
"316","Florida","2005",3.7,"Florida2005"
"317","Georgia","2005",5.3,"Georgia2005"
"318","Hawaii","2005",2.9,"Hawaii2005"
"319","Idaho","2005",4,"Idaho2005"
"320","Illinois","2005",5.7,"Illinois2005"
"321","Indiana","2005",5.5,"Indiana2005"
"322","Iowa","2005",4.3,"Iowa2005"
"323","Kansas","2005",5,"Kansas2005"
"324","Kentucky","2005",5.9,"Kentucky2005"
"325","Louisiana","2005",7.2,"Louisiana2005"
"326","Maine","2005",4.9,"Maine2005"
"327","Maryland","2005",4.1,"Maryland2005"
"328","Massachusetts","2005",4.8,"Massachusetts2005"
"329","Michigan","2005",6.8,"Michigan2005"
"330","Minnesota","2005",4.1,"Minnesota2005"
"331","Mississippi","2005",7.5,"Mississippi2005"
"332","Missouri","2005",5.4,"Missouri2005"
"333","Montana","2005",4.4,"Montana2005"
"334","Nebraska","2005",3.8,"Nebraska2005"
"335","Nevada","2005",4.1,"Nevada2005"
"336","New Hampshire","2005",3.6,"New Hampshire2005"
"337","New Jersey","2005",4.5,"New Jersey2005"
"338","New Mexico","2005",5.1,"New Mexico2005"
"339","New York","2005",5,"New York2005"
"340","North Carolina","2005",5.2,"North Carolina2005"
"341","North Dakota","2005",3.4,"North Dakota2005"
"342","Ohio","2005",5.9,"Ohio2005"
"343","Oklahoma","2005",4.5,"Oklahoma2005"
"344","Oregon","2005",6.2,"Oregon2005"
"345","Pennsylvania","2005",5,"Pennsylvania2005"
"346","Rhode Island","2005",5,"Rhode Island2005"
"347","South Carolina","2005",6.7,"South Carolina2005"
"348","South Dakota","2005",3.8,"South Dakota2005"
"349","Tennessee","2005",5.6,"Tennessee2005"
"350","Texas","2005",5.4,"Texas2005"
"351","Utah","2005",4.1,"Utah2005"
"352","Vermont","2005",3.5,"Vermont2005"
"353","Virginia","2005",3.6,"Virginia2005"
"354","Washington","2005",5.6,"Washington2005"
"355","West Virginia","2005",5.1,"West Virginia2005"
"356","Wisconsin","2005",4.7,"Wisconsin2005"
"357","Wyoming","2005",3.6,"Wyoming2005"
"358","Alabama","2006",4,"Alabama2006"
"359","Alaska","2006",6.6,"Alaska2006"
"360","Arizona","2006",4.2,"Arizona2006"
"361","Arkansas","2006",5.2,"Arkansas2006"
"362","California","2006",4.9,"California2006"
"363","Colorado","2006",4.3,"Colorado2006"
"364","Connecticut","2006",4.3,"Connecticut2006"
"365","Delaware","2006",3.6,"Delaware2006"
"366","District of Columbia","2006",5.8,"District of Columbia2006"
"367","Florida","2006",3.2,"Florida2006"
"368","Georgia","2006",4.7,"Georgia2006"
"369","Hawaii","2006",2.6,"Hawaii2006"
"370","Idaho","2006",3.5,"Idaho2006"
"371","Illinois","2006",4.5,"Illinois2006"
"372","Indiana","2006",5,"Indiana2006"
"373","Iowa","2006",3.7,"Iowa2006"
"374","Kansas","2006",4.4,"Kansas2006"
"375","Kentucky","2006",5.7,"Kentucky2006"
"376","Louisiana","2006",4.5,"Louisiana2006"
"377","Maine","2006",4.6,"Maine2006"
"378","Maryland","2006",3.9,"Maryland2006"
"379","Massachusetts","2006",4.9,"Massachusetts2006"
"380","Michigan","2006",7,"Michigan2006"
"381","Minnesota","2006",4,"Minnesota2006"
"382","Mississippi","2006",6.5,"Mississippi2006"
"383","Missouri","2006",4.8,"Missouri2006"
"384","Montana","2006",3.5,"Montana2006"
"385","Nebraska","2006",3.1,"Nebraska2006"
"386","Nevada","2006",4,"Nevada2006"
"387","New Hampshire","2006",3.4,"New Hampshire2006"
"388","New Jersey","2006",4.7,"New Jersey2006"
"389","New Mexico","2006",4.2,"New Mexico2006"
"390","New York","2006",4.5,"New York2006"
"391","North Carolina","2006",4.7,"North Carolina2006"
"392","North Dakota","2006",3.2,"North Dakota2006"
"393","Ohio","2006",5.4,"Ohio2006"
"394","Oklahoma","2006",4,"Oklahoma2006"
"395","Oregon","2006",5.3,"Oregon2006"
"396","Pennsylvania","2006",4.6,"Pennsylvania2006"
"397","Rhode Island","2006",4.9,"Rhode Island2006"
"398","South Carolina","2006",6.4,"South Carolina2006"
"399","South Dakota","2006",3.1,"South Dakota2006"
"400","Tennessee","2006",5.2,"Tennessee2006"
"401","Texas","2006",4.9,"Texas2006"
"402","Utah","2006",3,"Utah2006"
"403","Vermont","2006",3.7,"Vermont2006"
"404","Virginia","2006",3.1,"Virginia2006"
"405","Washington","2006",5,"Washington2006"
"406","West Virginia","2006",4.9,"West Virginia2006"
"407","Wisconsin","2006",4.7,"Wisconsin2006"
"408","Wyoming","2006",3.2,"Wyoming2006"
"409","Alabama","2007",4,"Alabama2007"
"410","Alaska","2007",6.3,"Alaska2007"
"411","Arizona","2007",3.9,"Arizona2007"
"412","Arkansas","2007",5.3,"Arkansas2007"
"413","California","2007",5.4,"California2007"
"414","Colorado","2007",3.7,"Colorado2007"
"415","Connecticut","2007",4.5,"Connecticut2007"
"416","Delaware","2007",3.4,"Delaware2007"
"417","District of Columbia","2007",5.5,"District of Columbia2007"
"418","Florida","2007",4,"Florida2007"
"419","Georgia","2007",4.5,"Georgia2007"
"420","Hawaii","2007",2.8,"Hawaii2007"
"421","Idaho","2007",3.1,"Idaho2007"
"422","Illinois","2007",5,"Illinois2007"
"423","Indiana","2007",4.6,"Indiana2007"
"424","Iowa","2007",3.7,"Iowa2007"
"425","Kansas","2007",4.2,"Kansas2007"
"426","Kentucky","2007",5.4,"Kentucky2007"
"427","Louisiana","2007",4.3,"Louisiana2007"
"428","Maine","2007",4.7,"Maine2007"
"429","Maryland","2007",3.5,"Maryland2007"
"430","Massachusetts","2007",4.6,"Massachusetts2007"
"431","Michigan","2007",7,"Michigan2007"
"432","Minnesota","2007",4.6,"Minnesota2007"
"433","Mississippi","2007",6.1,"Mississippi2007"
"434","Missouri","2007",5.1,"Missouri2007"
"435","Montana","2007",3.6,"Montana2007"
"436","Nebraska","2007",3,"Nebraska2007"
"437","Nevada","2007",4.5,"Nevada2007"
"438","New Hampshire","2007",3.5,"New Hampshire2007"
"439","New Jersey","2007",4.3,"New Jersey2007"
"440","New Mexico","2007",3.8,"New Mexico2007"
"441","New York","2007",4.6,"New York2007"
"442","North Carolina","2007",4.7,"North Carolina2007"
"443","North Dakota","2007",3.1,"North Dakota2007"
"444","Ohio","2007",5.6,"Ohio2007"
"445","Oklahoma","2007",4.1,"Oklahoma2007"
"446","Oregon","2007",5.2,"Oregon2007"
"447","Pennsylvania","2007",4.4,"Pennsylvania2007"
"448","Rhode Island","2007",5.2,"Rhode Island2007"
"449","South Carolina","2007",5.7,"South Carolina2007"
"450","South Dakota","2007",2.8,"South Dakota2007"
"451","Tennessee","2007",4.7,"Tennessee2007"
"452","Texas","2007",4.3,"Texas2007"
"453","Utah","2007",2.6,"Utah2007"
"454","Vermont","2007",4,"Vermont2007"
"455","Virginia","2007",3,"Virginia2007"
"456","Washington","2007",4.7,"Washington2007"
"457","West Virginia","2007",4.6,"West Virginia2007"
"458","Wisconsin","2007",4.9,"Wisconsin2007"
"459","Wyoming","2007",2.8,"Wyoming2007"
"460","Alabama","2008",5.7,"Alabama2008"
"461","Alaska","2008",6.7,"Alaska2008"
"462","Arizona","2008",6.2,"Arizona2008"
"463","Arkansas","2008",5.5,"Arkansas2008"
"464","California","2008",7.3,"California2008"
"465","Colorado","2008",4.8,"Colorado2008"
"466","Connecticut","2008",5.7,"Connecticut2008"
"467","Delaware","2008",4.9,"Delaware2008"
"468","District of Columbia","2008",6.5,"District of Columbia2008"
"469","Florida","2008",6.3,"Florida2008"
"470","Georgia","2008",6.2,"Georgia2008"
"471","Hawaii","2008",4.3,"Hawaii2008"
"472","Idaho","2008",5.1,"Idaho2008"
"473","Illinois","2008",6.3,"Illinois2008"
"474","Indiana","2008",5.9,"Indiana2008"
"475","Iowa","2008",4.2,"Iowa2008"
"476","Kansas","2008",4.6,"Kansas2008"
"477","Kentucky","2008",6.4,"Kentucky2008"
"478","Louisiana","2008",4.9,"Louisiana2008"
"479","Maine","2008",5.5,"Maine2008"
"480","Maryland","2008",4.2,"Maryland2008"
"481","Massachusetts","2008",5.5,"Massachusetts2008"
"482","Michigan","2008",8,"Michigan2008"
"483","Minnesota","2008",5.4,"Minnesota2008"
"484","Mississippi","2008",6.6,"Mississippi2008"
"485","Missouri","2008",6.1,"Missouri2008"
"486","Montana","2008",5.1,"Montana2008"
"487","Nebraska","2008",3.3,"Nebraska2008"
"488","Nevada","2008",6.7,"Nevada2008"
"489","New Hampshire","2008",3.9,"New Hampshire2008"
"490","New Jersey","2008",5.3,"New Jersey2008"
"491","New Mexico","2008",4.5,"New Mexico2008"
"492","New York","2008",5.4,"New York2008"
"493","North Carolina","2008",6.1,"North Carolina2008"
"494","North Dakota","2008",3.2,"North Dakota2008"
"495","Ohio","2008",6.4,"Ohio2008"
"496","Oklahoma","2008",3.7,"Oklahoma2008"
"497","Oregon","2008",6.5,"Oregon2008"
"498","Pennsylvania","2008",5.3,"Pennsylvania2008"
"499","Rhode Island","2008",7.8,"Rhode Island2008"
"500","South Carolina","2008",6.8,"South Carolina2008"
"501","South Dakota","2008",3.1,"South Dakota2008"
"502","Tennessee","2008",6.6,"Tennessee2008"
"503","Texas","2008",4.8,"Texas2008"
"504","Utah","2008",3.6,"Utah2008"
"505","Vermont","2008",4.7,"Vermont2008"
"506","Virginia","2008",3.9,"Virginia2008"
"507","Washington","2008",5.4,"Washington2008"
"508","West Virginia","2008",4.3,"West Virginia2008"
"509","Wisconsin","2008",4.9,"Wisconsin2008"
"510","Wyoming","2008",3.1,"Wyoming2008"
"511","Alabama","2009",11,"Alabama2009"
"512","Alaska","2009",7.7,"Alaska2009"
"513","Arizona","2009",9.9,"Arizona2009"
"514","Arkansas","2009",7.8,"Arkansas2009"
"515","California","2009",11.2,"California2009"
"516","Colorado","2009",7.3,"Colorado2009"
"517","Connecticut","2009",7.9,"Connecticut2009"
"518","Delaware","2009",8.3,"Delaware2009"
"519","District of Columbia","2009",9.3,"District of Columbia2009"
"520","Florida","2009",10.4,"Florida2009"
"521","Georgia","2009",9.9,"Georgia2009"
"522","Hawaii","2009",7.2,"Hawaii2009"
"523","Idaho","2009",8.8,"Idaho2009"
"524","Illinois","2009",10.2,"Illinois2009"
"525","Indiana","2009",10.3,"Indiana2009"
"526","Iowa","2009",6.4,"Iowa2009"
"527","Kansas","2009",6.9,"Kansas2009"
"528","Kentucky","2009",10.3,"Kentucky2009"
"529","Louisiana","2009",6.8,"Louisiana2009"
"530","Maine","2009",8.1,"Maine2009"
"531","Maryland","2009",7,"Maryland2009"
"532","Massachusetts","2009",8.1,"Massachusetts2009"
"533","Michigan","2009",13.7,"Michigan2009"
"534","Minnesota","2009",7.8,"Minnesota2009"
"535","Mississippi","2009",9.5,"Mississippi2009"
"536","Missouri","2009",9.3,"Missouri2009"
"537","Montana","2009",6.8,"Montana2009"
"538","Nebraska","2009",4.6,"Nebraska2009"
"539","Nevada","2009",11.3,"Nevada2009"
"540","New Hampshire","2009",6.2,"New Hampshire2009"
"541","New Jersey","2009",9.1,"New Jersey2009"
"542","New Mexico","2009",7.5,"New Mexico2009"
"543","New York","2009",8.3,"New York2009"
"544","North Carolina","2009",10.6,"North Carolina2009"
"545","North Dakota","2009",4.1,"North Dakota2009"
"546","Ohio","2009",10.3,"Ohio2009"
"547","Oklahoma","2009",6.4,"Oklahoma2009"
"548","Oregon","2009",11.3,"Oregon2009"
"549","Pennsylvania","2009",8,"Pennsylvania2009"
"550","Rhode Island","2009",11,"Rhode Island2009"
"551","South Carolina","2009",11.2,"South Carolina2009"
"552","South Dakota","2009",4.9,"South Dakota2009"
"553","Tennessee","2009",10.5,"Tennessee2009"
"554","Texas","2009",7.6,"Texas2009"
"555","Utah","2009",7.3,"Utah2009"
"556","Vermont","2009",6.6,"Vermont2009"
"557","Virginia","2009",6.7,"Virginia2009"
"558","Washington","2009",9.2,"Washington2009"
"559","West Virginia","2009",7.7,"West Virginia2009"
"560","Wisconsin","2009",8.6,"Wisconsin2009"
"561","Wyoming","2009",6.3,"Wyoming2009"
"562","Alabama","2010",10.5,"Alabama2010"
"563","Alaska","2010",7.9,"Alaska2010"
"564","Arizona","2010",10.4,"Arizona2010"
"565","Arkansas","2010",8.2,"Arkansas2010"
"566","California","2010",12.2,"California2010"
"567","Colorado","2010",8.7,"Colorado2010"
"568","Connecticut","2010",9.1,"Connecticut2010"
"569","Delaware","2010",8.4,"Delaware2010"
"570","District of Columbia","2010",9.4,"District of Columbia2010"
"571","Florida","2010",11.1,"Florida2010"
"572","Georgia","2010",10.5,"Georgia2010"
"573","Hawaii","2010",6.9,"Hawaii2010"
"574","Idaho","2010",9,"Idaho2010"
"575","Illinois","2010",10.4,"Illinois2010"
"576","Indiana","2010",10.4,"Indiana2010"
"577","Iowa","2010",6,"Iowa2010"
"578","Kansas","2010",7.1,"Kansas2010"
"579","Kentucky","2010",10.2,"Kentucky2010"
"580","Louisiana","2010",8,"Louisiana2010"
"581","Maine","2010",8.1,"Maine2010"
"582","Maryland","2010",7.7,"Maryland2010"
"583","Massachusetts","2010",8.3,"Massachusetts2010"
"584","Michigan","2010",12.6,"Michigan2010"
"585","Minnesota","2010",7.4,"Minnesota2010"
"586","Mississippi","2010",10.4,"Mississippi2010"
"587","Missouri","2010",9.6,"Missouri2010"
"588","Montana","2010",7.3,"Montana2010"
"589","Nebraska","2010",4.6,"Nebraska2010"
"590","Nevada","2010",13.5,"Nevada2010"
"591","New Hampshire","2010",5.8,"New Hampshire2010"
"592","New Jersey","2010",9.5,"New Jersey2010"
"593","New Mexico","2010",8.1,"New Mexico2010"
"594","New York","2010",8.6,"New York2010"
"595","North Carolina","2010",10.9,"North Carolina2010"
"596","North Dakota","2010",3.8,"North Dakota2010"
"597","Ohio","2010",10.3,"Ohio2010"
"598","Oklahoma","2010",6.8,"Oklahoma2010"
"599","Oregon","2010",10.6,"Oregon2010"
"600","Pennsylvania","2010",8.5,"Pennsylvania2010"
"601","Rhode Island","2010",11.2,"Rhode Island2010"
"602","South Carolina","2010",11.2,"South Carolina2010"
"603","South Dakota","2010",5,"South Dakota2010"
"604","Tennessee","2010",9.7,"Tennessee2010"
"605","Texas","2010",8.1,"Texas2010"
"606","Utah","2010",7.8,"Utah2010"
"607","Vermont","2010",6.1,"Vermont2010"
"608","Virginia","2010",7.1,"Virginia2010"
"609","Washington","2010",10,"Washington2010"
"610","West Virginia","2010",8.7,"West Virginia2010"
"611","Wisconsin","2010",8.7,"Wisconsin2010"
"612","Wyoming","2010",6.4,"Wyoming2010"
"613","Alabama","2011",9.6,"Alabama2011"
"614","Alaska","2011",7.6,"Alaska2011"
"615","Arizona","2011",9.5,"Arizona2011"
"616","Arkansas","2011",8.3,"Arkansas2011"
"617","California","2011",11.7,"California2011"
"618","Colorado","2011",8.4,"Colorado2011"
"619","Connecticut","2011",8.8,"Connecticut2011"
"620","Delaware","2011",7.5,"Delaware2011"
"621","District of Columbia","2011",10.2,"District of Columbia2011"
"622","Florida","2011",10,"Florida2011"
"623","Georgia","2011",10.2,"Georgia2011"
"624","Hawaii","2011",6.8,"Hawaii2011"
"625","Idaho","2011",8.3,"Idaho2011"
"626","Illinois","2011",9.7,"Illinois2011"
"627","Indiana","2011",9.1,"Indiana2011"
"628","Iowa","2011",5.5,"Iowa2011"
"629","Kansas","2011",6.5,"Kansas2011"
"630","Kentucky","2011",9.4,"Kentucky2011"
"631","Louisiana","2011",7.8,"Louisiana2011"
"632","Maine","2011",7.9,"Maine2011"
"633","Maryland","2011",7.2,"Maryland2011"
"634","Massachusetts","2011",7.3,"Massachusetts2011"
"635","Michigan","2011",10.4,"Michigan2011"
"636","Minnesota","2011",6.5,"Minnesota2011"
"637","Mississippi","2011",10,"Mississippi2011"
"638","Missouri","2011",8.5,"Missouri2011"
"639","Montana","2011",6.9,"Montana2011"
"640","Nebraska","2011",4.4,"Nebraska2011"
"641","Nevada","2011",13,"Nevada2011"
"642","New Hampshire","2011",5.4,"New Hampshire2011"
"643","New Jersey","2011",9.3,"New Jersey2011"
"644","New Mexico","2011",7.5,"New Mexico2011"
"645","New York","2011",8.3,"New York2011"
"646","North Carolina","2011",10.3,"North Carolina2011"
"647","North Dakota","2011",3.5,"North Dakota2011"
"648","Ohio","2011",8.8,"Ohio2011"
"649","Oklahoma","2011",5.9,"Oklahoma2011"
"650","Oregon","2011",9.5,"Oregon2011"
"651","Pennsylvania","2011",7.9,"Pennsylvania2011"
"652","Rhode Island","2011",11,"Rhode Island2011"
"653","South Carolina","2011",10.6,"South Carolina2011"
"654","South Dakota","2011",4.7,"South Dakota2011"
"655","Tennessee","2011",9,"Tennessee2011"
"656","Texas","2011",7.8,"Texas2011"
"657","Utah","2011",6.7,"Utah2011"
"658","Vermont","2011",5.5,"Vermont2011"
"659","Virginia","2011",6.6,"Virginia2011"
"660","Washington","2011",9.3,"Washington2011"
"661","West Virginia","2011",8.1,"West Virginia2011"
"662","Wisconsin","2011",7.8,"Wisconsin2011"
"663","Wyoming","2011",5.8,"Wyoming2011"
"664","Alabama","2012",8,"Alabama2012"
"665","Alaska","2012",7.1,"Alaska2012"
"666","Arizona","2012",8.3,"Arizona2012"
"667","Arkansas","2012",7.6,"Arkansas2012"
"668","California","2012",10.4,"California2012"
"669","Colorado","2012",7.9,"Colorado2012"
"670","Connecticut","2012",8.3,"Connecticut2012"
"671","Delaware","2012",7.2,"Delaware2012"
"672","District of Columbia","2012",9,"District of Columbia2012"
"673","Florida","2012",8.5,"Florida2012"
"674","Georgia","2012",9.2,"Georgia2012"
"675","Hawaii","2012",6,"Hawaii2012"
"676","Idaho","2012",7.2,"Idaho2012"
"677","Illinois","2012",9,"Illinois2012"
"678","Indiana","2012",8.3,"Indiana2012"
"679","Iowa","2012",5.1,"Iowa2012"
"680","Kansas","2012",5.7,"Kansas2012"
"681","Kentucky","2012",8.2,"Kentucky2012"
"682","Louisiana","2012",7.1,"Louisiana2012"
"683","Maine","2012",7.5,"Maine2012"
"684","Maryland","2012",7,"Maryland2012"
"685","Massachusetts","2012",6.7,"Massachusetts2012"
"686","Michigan","2012",9.1,"Michigan2012"
"687","Minnesota","2012",5.6,"Minnesota2012"
"688","Mississippi","2012",9,"Mississippi2012"
"689","Missouri","2012",7,"Missouri2012"
"690","Montana","2012",6,"Montana2012"
"691","Nebraska","2012",4,"Nebraska2012"
"692","Nevada","2012",11.2,"Nevada2012"
"693","New Hampshire","2012",5.5,"New Hampshire2012"
"694","New Jersey","2012",9.3,"New Jersey2012"
"695","New Mexico","2012",7.1,"New Mexico2012"
"696","New York","2012",8.5,"New York2012"
"697","North Carolina","2012",9.3,"North Carolina2012"
"698","North Dakota","2012",3.1,"North Dakota2012"
"699","Ohio","2012",7.4,"Ohio2012"
"700","Oklahoma","2012",5.3,"Oklahoma2012"
"701","Oregon","2012",8.8,"Oregon2012"
"702","Pennsylvania","2012",7.8,"Pennsylvania2012"
"703","Rhode Island","2012",10.4,"Rhode Island2012"
"704","South Carolina","2012",9.2,"South Carolina2012"
"705","South Dakota","2012",4.3,"South Dakota2012"
"706","Tennessee","2012",7.8,"Tennessee2012"
"707","Texas","2012",6.7,"Texas2012"
"708","Utah","2012",5.4,"Utah2012"
"709","Vermont","2012",5,"Vermont2012"
"710","Virginia","2012",6,"Virginia2012"
"711","Washington","2012",8.1,"Washington2012"
"712","West Virginia","2012",7.5,"West Virginia2012"
"713","Wisconsin","2012",7,"Wisconsin2012"
"714","Wyoming","2012",5.3,"Wyoming2012"
"715","Alabama","2013",7.2,"Alabama2013"
"716","Alaska","2013",6.9,"Alaska2013"
"717","Arizona","2013",7.7,"Arizona2013"
"718","Arkansas","2013",7.3,"Arkansas2013"
"719","California","2013",8.9,"California2013"
"720","Colorado","2013",6.8,"Colorado2013"
"721","Connecticut","2013",7.8,"Connecticut2013"
"722","Delaware","2013",6.7,"Delaware2013"
"723","District of Columbia","2013",8.5,"District of Columbia2013"
"724","Florida","2013",7.3,"Florida2013"
"725","Georgia","2013",8.2,"Georgia2013"
"726","Hawaii","2013",4.9,"Hawaii2013"
"727","Idaho","2013",6.2,"Idaho2013"
"728","Illinois","2013",9.1,"Illinois2013"
"729","Indiana","2013",7.7,"Indiana2013"
"730","Iowa","2013",4.7,"Iowa2013"
"731","Kansas","2013",5.3,"Kansas2013"
"732","Kentucky","2013",8.1,"Kentucky2013"
"733","Louisiana","2013",6.7,"Louisiana2013"
"734","Maine","2013",6.6,"Maine2013"
"735","Maryland","2013",6.6,"Maryland2013"
"736","Massachusetts","2013",6.7,"Massachusetts2013"
"737","Michigan","2013",8.8,"Michigan2013"
"738","Minnesota","2013",4.9,"Minnesota2013"
"739","Mississippi","2013",8.6,"Mississippi2013"
"740","Missouri","2013",6.7,"Missouri2013"
"741","Montana","2013",5.4,"Montana2013"
"742","Nebraska","2013",3.8,"Nebraska2013"
"743","Nevada","2013",9.6,"Nevada2013"
"744","New Hampshire","2013",5.1,"New Hampshire2013"
"745","New Jersey","2013",8.2,"New Jersey2013"
"746","New Mexico","2013",7,"New Mexico2013"
"747","New York","2013",7.7,"New York2013"
"748","North Carolina","2013",7.9,"North Carolina2013"
"749","North Dakota","2013",2.9,"North Dakota2013"
"750","Ohio","2013",7.5,"Ohio2013"
"751","Oklahoma","2013",5.3,"Oklahoma2013"
"752","Oregon","2013",7.9,"Oregon2013"
"753","Pennsylvania","2013",7.4,"Pennsylvania2013"
"754","Rhode Island","2013",9.3,"Rhode Island2013"
"755","South Carolina","2013",7.6,"South Carolina2013"
"756","South Dakota","2013",3.8,"South Dakota2013"
"757","Tennessee","2013",7.8,"Tennessee2013"
"758","Texas","2013",6.2,"Texas2013"
"759","Utah","2013",4.6,"Utah2013"
"760","Vermont","2013",4.4,"Vermont2013"
"761","Virginia","2013",5.7,"Virginia2013"
"762","Washington","2013",7,"Washington2013"
"763","West Virginia","2013",6.7,"West Virginia2013"
"764","Wisconsin","2013",6.7,"Wisconsin2013"
"765","Wyoming","2013",4.7,"Wyoming2013"
"766","Alabama","2014",6.8,"Alabama2014"
"767","Alaska","2014",6.9,"Alaska2014"
"768","Arizona","2014",6.8,"Arizona2014"
"769","Arkansas","2014",6.1,"Arkansas2014"
"770","California","2014",7.5,"California2014"
"771","Colorado","2014",5,"Colorado2014"
"772","Connecticut","2014",6.6,"Connecticut2014"
"773","Delaware","2014",5.7,"Delaware2014"
"774","District of Columbia","2014",7.8,"District of Columbia2014"
"775","Florida","2014",6.3,"Florida2014"
"776","Georgia","2014",7.1,"Georgia2014"
"777","Hawaii","2014",4.4,"Hawaii2014"
"778","Idaho","2014",4.8,"Idaho2014"
"779","Illinois","2014",7.1,"Illinois2014"
"780","Indiana","2014",5.9,"Indiana2014"
"781","Iowa","2014",4.2,"Iowa2014"
"782","Kansas","2014",4.6,"Kansas2014"
"783","Kentucky","2014",6.5,"Kentucky2014"
"784","Louisiana","2014",6.4,"Louisiana2014"
"785","Maine","2014",5.6,"Maine2014"
"786","Maryland","2014",5.8,"Maryland2014"
"787","Massachusetts","2014",5.7,"Massachusetts2014"
"788","Michigan","2014",7.3,"Michigan2014"
"789","Minnesota","2014",4.2,"Minnesota2014"
"790","Mississippi","2014",7.6,"Mississippi2014"
"791","Missouri","2014",6.2,"Missouri2014"
"792","Montana","2014",4.7,"Montana2014"
"793","Nebraska","2014",3.3,"Nebraska2014"
"794","Nevada","2014",7.9,"Nevada2014"
"795","New Hampshire","2014",4.3,"New Hampshire2014"
"796","New Jersey","2014",6.7,"New Jersey2014"
"797","New Mexico","2014",6.7,"New Mexico2014"
"798","New York","2014",6.3,"New York2014"
"799","North Carolina","2014",6.3,"North Carolina2014"
"800","North Dakota","2014",2.7,"North Dakota2014"
"801","Ohio","2014",5.8,"Ohio2014"
"802","Oklahoma","2014",4.5,"Oklahoma2014"
"803","Oregon","2014",6.8,"Oregon2014"
"804","Pennsylvania","2014",5.9,"Pennsylvania2014"
"805","Rhode Island","2014",7.7,"Rhode Island2014"
"806","South Carolina","2014",6.4,"South Carolina2014"
"807","South Dakota","2014",3.4,"South Dakota2014"
"808","Tennessee","2014",6.5,"Tennessee2014"
"809","Texas","2014",5.1,"Texas2014"
"810","Utah","2014",3.8,"Utah2014"
"811","Vermont","2014",4,"Vermont2014"
"812","Virginia","2014",5.2,"Virginia2014"
"813","Washington","2014",6.1,"Washington2014"
"814","West Virginia","2014",6.6,"West Virginia2014"
"815","Wisconsin","2014",5.4,"Wisconsin2014"
"816","Wyoming","2014",4.1,"Wyoming2014"
"817","Alabama","2015",6.1,"Alabama2015"
"818","Alaska","2015",6.5,"Alaska2015"
"819","Arizona","2015",6.1,"Arizona2015"
"820","Arkansas","2015",5.2,"Arkansas2015"
"821","California","2015",6.2,"California2015"
"822","Colorado","2015",3.9,"Colorado2015"
"823","Connecticut","2015",5.6,"Connecticut2015"
"824","Delaware","2015",4.9,"Delaware2015"
"825","District of Columbia","2015",6.9,"District of Columbia2015"
"826","Florida","2015",5.4,"Florida2015"
"827","Georgia","2015",5.9,"Georgia2015"
"828","Hawaii","2015",3.6,"Hawaii2015"
"829","Idaho","2015",4.1,"Idaho2015"
"830","Illinois","2015",5.9,"Illinois2015"
"831","Indiana","2015",4.8,"Indiana2015"
"832","Iowa","2015",3.7,"Iowa2015"
"833","Kansas","2015",4.2,"Kansas2015"
"834","Kentucky","2015",5.4,"Kentucky2015"
"835","Louisiana","2015",6.3,"Louisiana2015"
"836","Maine","2015",4.4,"Maine2015"
"837","Maryland","2015",5.2,"Maryland2015"
"838","Massachusetts","2015",5,"Massachusetts2015"
"839","Michigan","2015",5.4,"Michigan2015"
"840","Minnesota","2015",3.7,"Minnesota2015"
"841","Mississippi","2015",6.5,"Mississippi2015"
"842","Missouri","2015",5,"Missouri2015"
"843","Montana","2015",4.1,"Montana2015"
"844","Nebraska","2015",3,"Nebraska2015"
"845","Nevada","2015",6.7,"Nevada2015"
"846","New Hampshire","2015",3.4,"New Hampshire2015"
"847","New Jersey","2015",5.6,"New Jersey2015"
"848","New Mexico","2015",6.6,"New Mexico2015"
"849","New York","2015",5.3,"New York2015"
"850","North Carolina","2015",5.7,"North Carolina2015"
"851","North Dakota","2015",2.7,"North Dakota2015"
"852","Ohio","2015",4.9,"Ohio2015"
"853","Oklahoma","2015",4.2,"Oklahoma2015"
"854","Oregon","2015",5.7,"Oregon2015"
"855","Pennsylvania","2015",5.1,"Pennsylvania2015"
"856","Rhode Island","2015",6,"Rhode Island2015"
"857","South Carolina","2015",6,"South Carolina2015"
"858","South Dakota","2015",3.1,"South Dakota2015"
"859","Tennessee","2015",5.8,"Tennessee2015"
"860","Texas","2015",4.5,"Texas2015"
"861","Utah","2015",3.5,"Utah2015"
"862","Vermont","2015",3.7,"Vermont2015"
"863","Virginia","2015",4.4,"Virginia2015"
"864","Washington","2015",5.7,"Washington2015"
"865","West Virginia","2015",6.7,"West Virginia2015"
"866","Wisconsin","2015",4.6,"Wisconsin2015"
"867","Wyoming","2015",4.2,"Wyoming2015"
"868","Alabama","2016",6,"Alabama2016"
"869","Alaska","2016",6.6,"Alaska2016"
"870","Arizona","2016",5.3,"Arizona2016"
"871","Arkansas","2016",4,"Arkansas2016"
"872","California","2016",5.4,"California2016"
"873","Colorado","2016",3.3,"Colorado2016"
"874","Connecticut","2016",5.1,"Connecticut2016"
"875","Delaware","2016",4.4,"Delaware2016"
"876","District of Columbia","2016",6,"District of Columbia2016"
"877","Florida","2016",4.9,"Florida2016"
"878","Georgia","2016",5.4,"Georgia2016"
"879","Hawaii","2016",3,"Hawaii2016"
"880","Idaho","2016",3.8,"Idaho2016"
"881","Illinois","2016",5.9,"Illinois2016"
"882","Indiana","2016",4.4,"Indiana2016"
"883","Iowa","2016",3.7,"Iowa2016"
"884","Kansas","2016",4.2,"Kansas2016"
"885","Kentucky","2016",5,"Kentucky2016"
"886","Louisiana","2016",6.1,"Louisiana2016"
"887","Maine","2016",3.9,"Maine2016"
"888","Maryland","2016",4.3,"Maryland2016"
"889","Massachusetts","2016",3.7,"Massachusetts2016"
"890","Michigan","2016",4.9,"Michigan2016"
"891","Minnesota","2016",3.9,"Minnesota2016"
"892","Mississippi","2016",5.8,"Mississippi2016"
"893","Missouri","2016",4.5,"Missouri2016"
"894","Montana","2016",4.1,"Montana2016"
"895","Nebraska","2016",3.2,"Nebraska2016"
"896","Nevada","2016",5.7,"Nevada2016"
"897","New Hampshire","2016",2.8,"New Hampshire2016"
"898","New Jersey","2016",5,"New Jersey2016"
"899","New Mexico","2016",6.7,"New Mexico2016"
"900","New York","2016",4.8,"New York2016"
"901","North Carolina","2016",5.1,"North Carolina2016"
"902","North Dakota","2016",3.2,"North Dakota2016"
"903","Ohio","2016",4.9,"Ohio2016"
"904","Oklahoma","2016",4.9,"Oklahoma2016"
"905","Oregon","2016",4.9,"Oregon2016"
"906","Pennsylvania","2016",5.4,"Pennsylvania2016"
"907","Rhode Island","2016",5.3,"Rhode Island2016"
"908","South Carolina","2016",4.8,"South Carolina2016"
"909","South Dakota","2016",2.8,"South Dakota2016"
"910","Tennessee","2016",4.8,"Tennessee2016"
"911","Texas","2016",4.6,"Texas2016"
"912","Utah","2016",3.4,"Utah2016"
"913","Vermont","2016",3.3,"Vermont2016"
"914","Virginia","2016",4,"Virginia2016"
"915","Washington","2016",5.4,"Washington2016"
"916","West Virginia","2016",6,"West Virginia2016"
"917","Wisconsin","2016",4.1,"Wisconsin2016"
"918","Wyoming","2016",5.3,"Wyoming2016"
